auth_id,business_latitude,business_longitude,business_category,category_id,delivery_charge,serving_distance,business_status,OpeningTime,OpeningTime2,prepration_time,commission,is_business_delivering,discount_percentage,status,verified,rank,language,business_rating,sunday_from_time1,sunday_to_time1,sunday_from_time2,sunday_to_time2,monday_from_time1,monday_to_time1,monday_from_time2,monday_to_time2,tuesday_from_time1,tuesday_to_time1,tuesday_from_time2,tuesday_to_time2,wednesday_from_time1,wednesday_to_time1,wednesday_from_time2,wednesday_to_time2,thursday_from_time1,thursday_to_time1,thursday_from_time2,thursday_to_time2,friday_from_time1,friday_to_time1,friday_from_time2,friday_to_time2,saturday_from_time1,saturday_to_time1,saturday_from_time2,saturday_to_time2,primary_tags,open_close_flags,vendor_tag,business_tags,one_click_vendor,country_id,business_city,business_creation_date,updated_at,device_type,display_orders,business_id
118597.0,-0.588596153846155,0.7544340909088447,Restaurants,2.0,0.0,6.0,1.0,11:00AM-11:30PM,-,15,0.0,Yes,0.0,1.0,1,11,EN,4.4,00:00:00,00:30:00,08:00:00,23:59:00,00:00:00,00:30:00,08:00:00,23:59:00,00:00:00,00:30:00,08:00:00,23:59:00,00:00:00,00:30:00,08:00:00,23:59:00,00:00:00,00:30:00,08:00:00,23:59:00,00:00:00,00:30:00,10:00:00,23:59:00,00:00:00,00:30:00,10:00:00,23:59:00,"{""primary_tags"":""4""}",1.0,"2,4,5,8,91,22,12,24,16,23","Arabic,Breakfast,Burgers,Desserts,Free Delivery,Grills,Lebanese,Salads,Sandwiches,Shawarma",Y,1.0,1.0,2018-01-30 14:42:04,2020-04-07 15:12:43,3,1,18
118608.0,-0.4716538461538806,0.7444704545454467,Restaurants,2.0,0.7,5.0,1.0,08:30AM-10:30PM,-,14,0.0,Yes,0.0,1.0,1,11,EN,4.7,00:00:00,01:30:00,08:00:00,23:59:00,00:00:00,01:30:00,08:00:00,23:59:00,00:00:00,01:30:00,08:00:00,23:59:00,00:00:00,01:30:00,08:00:00,19:30:00,00:00:00,01:30:00,08:00:00,19:30:00,00:00:00,01:30:00,08:00:00,23:59:00,00:00:00,01:30:00,08:00:00,23:59:00,"{""primary_tags"":""7""}",1.0,"4,41,51,34,27,15,24,16,28","Breakfast,Cakes,Crepes,Italian,Pasta,Pizzas,Salads,Sandwiches,Soups",Y,1.0,1.0,2018-05-03 12:32:06,2020-04-05 20:46:03,3,1,61
118616.0,-0.4075269230769128,0.6436806818179458,Restaurants,2.0,0.0,8.0,1.0,08:00AM-10:45PM,-,19,0.0,Yes,0.0,1.0,1,1,EN,4.5,08:00:00,22:45:00,,,08:00:00,22:45:00,,,08:00:00,22:45:00,,,08:00:00,22:45:00,,,08:00:00,22:45:00,,,08:00:00,22:45:00,,,08:00:00,22:45:00,,,"{""primary_tags"":""71""}",1.0,"4,8,91,10","Breakfast,Desserts,Free Delivery,Indian",Y,1.0,1.0,2018-05-04 22:28:22,2020-04-07 16:35:55,3,1,53
118619.0,-0.5853846153845947,0.753811363636301,Restaurants,2.0,0.0,5.0,1.0,10:59AM-10:30PM,-,16,0.0,Yes,0.0,1.0,1,11,EN,4.5,09:00:00,23:30:00,,,09:00:00,23:30:00,,,09:00:00,23:30:00,,,09:00:00,23:30:00,,,09:00:00,23:45:00,,,09:00:00,23:45:00,,,09:00:00,23:45:00,,,"{""primary_tags"":""46""}",1.0,"5,8,30,24","Burgers,Desserts,Fries,Salads",Y,1.0,1.0,2018-05-06 19:20:48,2020-04-02 00:56:17,3,1,30
118624.0,0.4806019230769256,0.5528504545454149,Restaurants,2.0,0.7,15.0,1.0,11:00AM-11:45PM,-,10,0.0,Yes,0.0,1.0,1,11,EN,4.4,00:01:00,00:30:00,11:00:00,23:59:00,00:01:00,00:30:00,11:00:00,23:59:00,00:01:00,00:30:00,11:00:00,23:59:00,00:01:00,00:30:00,11:00:00,23:59:00,00:01:00,00:30:00,11:00:00,23:59:00,00:01:00,01:30:00,17:45:00,23:59:00,00:01:00,01:30:00,17:45:00,23:59:00,"{""primary_tags"":""32""}",1.0,5,Burgers,Y,1.0,1.0,2018-05-17 22:12:38,2020-04-05 15:57:41,3,1,45
118629.0,-0.4946538461538846,0.7433181818182409,Restaurants,2.0,0.7,6.0,1.0,11:00AM-10:30PM,-,17,0.0,Yes,0.0,1.0,1,11,EN,4.6,08:00:00,23:59:00,00:00:00,01:00:00,08:00:00,23:59:00,00:00:00,01:00:00,09:00:00,23:59:00,00:00:00,01:00:00,09:00:00,23:59:00,00:00:00,01:00:00,08:00:00,23:59:00,00:00:00,01:00:00,08:00:00,23:59:00,00:00:00,01:00:00,08:30:00,23:59:00,00:00:00,01:00:00,"{""primary_tags"":""51""}",1.0,"8,42","Desserts,Mexican",Y,1.0,1.0,2018-05-24 17:23:13,2020-04-07 15:04:57,3,1,63
118639.0,-0.1150096153846109,0.5459734090908435,Restaurants,2.0,0.7,15.0,1.0,11:00AM-11:45PM,-,15,0.0,Yes,0.0,1.0,1,11,EN,4.3,00:01:00,00:30:00,11:00:00,23:59:00,00:01:00,00:30:00,11:00:00,23:59:00,00:01:00,00:30:00,11:00:00,23:59:00,00:01:00,00:30:00,11:00:00,23:59:00,00:01:00,00:30:00,11:00:00,23:59:00,00:01:00,01:30:00,17:45:00,23:59:00,00:01:00,01:30:00,17:45:00,23:59:00,"{""primary_tags"":""8""}",1.0,"1,5,30,16","American,Burgers,Fries,Sandwiches",Y,1.0,1.0,2018-06-20 12:28:00,2020-04-07 16:56:57,3,1,67
118640.0,-0.9365557692307772,0.0819329545453459,Restaurants,2.0,0.7,15.0,1.0,11:00AM-11:45PM,-,14,0.0,Yes,0.0,1.0,1,11,EN,4.3,00:01:00,00:30:00,11:00:00,23:59:00,00:01:00,00:30:00,11:00:00,23:59:00,00:01:00,00:30:00,11:00:00,23:59:00,00:01:00,00:30:00,11:00:00,23:59:00,00:01:00,00:30:00,11:00:00,23:59:00,00:01:00,01:30:00,17:45:00,23:59:00,00:01:00,01:30:00,17:45:00,23:59:00,"{""primary_tags"":""8""}",1.0,"1,5,30,16","American,Burgers,Fries,Sandwiches",Y,1.0,1.0,2018-06-20 13:11:17,2020-04-07 20:09:27,3,1,77
118651.0,-1.1701538461538554,0.1034772727271104,Restaurants,2.0,0.7,10.0,1.0,09:00AM-11:30PM,-,19,0.0,Yes,0.0,1.0,1,11,EN,4.5,09:00:00,23:00:00,,,09:00:00,23:00:00,,,09:00:00,23:00:00,,,09:00:00,23:00:00,,,09:00:00,23:00:00,,,11:59:00,23:59:00,,,11:59:00,23:59:00,,,"{""primary_tags"":""21""}",1.0,"4,8,22,32,24,16,28","Breakfast,Desserts,Grills,Milkshakes,Salads,Sandwiches,Soups",Y,1.0,1.0,2018-07-22 13:18:35,2020-04-02 19:49:47,3,1,39
118662.0,0.4874884615383899,0.5650499999999972,Restaurants,2.0,0.0,15.0,1.0,05:00PM-11:00PM,-,20,0.0,Yes,10.0,1.0,1,1,EN,4.0,10:00:00,21:45:00,,,10:00:00,21:45:00,,,10:00:00,21:45:00,,,10:00:00,21:45:00,,,10:00:00,21:45:00,,,18:00:00,22:45:00,,,18:00:00,22:45:00,,,"{""primary_tags"":""271""}",1.0,"4,5,8,10,24","Breakfast,Burgers,Desserts,Indian,Salads",Y,1.0,1.0,2018-08-09 19:26:57,2020-04-02 11:41:23,3,1,90
118663.0,-0.1810384615385233,0.4905181818181887,Restaurants,2.0,0.0,15.0,1.0,08:00AM-11:30PM,-,15,0.0,Yes,0.0,1.0,1,11,EN,4.3,09:00:00,23:00:00,,,09:00:00,23:00:00,,,09:00:00,23:00:00,,,09:00:00,23:00:00,,,09:00:00,23:00:00,,,11:59:00,23:59:00,,,11:59:00,23:59:00,,,"{""primary_tags"":""129""}",1.0,"4,8,22,32,24,16,28","Breakfast,Desserts,Grills,Milkshakes,Salads,Sandwiches,Soups",Y,1.0,1.0,2018-08-09 23:41:57,2020-04-07 12:25:19,3,1,2
118672.0,-0.6004230769230746,0.7559090909091579,Restaurants,2.0,0.7,5.0,1.0,11:00AM-10:30PM,-,15,0.0,Yes,0.0,1.0,1,11,EN,4.6,11:00:00,22:30:00,,,11:00:00,22:30:00,,,11:00:00,22:30:00,,,11:00:00,22:30:00,,,11:00:00,22:30:00,,,11:59:00,22:30:00,,,11:00:00,22:30:00,,,,1.0,"3,8,9,11,24,54","Asian,Desserts,Healthy Food,Japanese,Salads,Sushi",Y,1.0,1.0,2018-08-22 15:10:17,2020-04-02 00:52:21,3,1,42
118673.0,0.2563346153846161,0.5766695454543093,Restaurants,2.0,0.7,15.0,1.0,08:30AM-09:30PM,-,15,0.0,Yes,0.0,1.0,1,11,EN,4.6,08:00:00,21:30:00,,,08:00:00,21:30:00,,,08:00:00,21:30:00,,,08:00:00,21:30:00,,,08:00:00,21:30:00,,,08:00:00,11:30:00,16:00:00,21:30:00,08:00:00,21:30:00,,,"{""primary_tags"":""24""}",1.0,"16,4,5,52","Sandwiches,Breakfast,Burgers,Mojitos",Y,1.0,1.0,2018-08-26 14:45:29,2020-03-24 12:51:21,3,1,1
118675.0,-0.5554038461538193,0.1963363636363634,Restaurants,2.0,0.7,15.0,0.0,11:00AM-11:00PM,-,17,0.0,Yes,0.0,0.0,1,11,EN,4.4,00:01:00,02:00:00,18:00:00,23:59:00,00:01:00,02:00:00,18:00:00,23:59:00,00:01:00,02:00:00,18:00:00,23:59:00,00:01:00,02:00:00,18:00:00,23:59:00,00:01:00,02:00:00,18:00:00,23:59:00,00:01:00,02:00:00,18:00:00,23:59:00,00:01:00,02:00:00,18:00:00,23:59:00,,1.0,"15,34,4,28,27,24,8","Pizzas,Italian,Breakfast,Soups,Pasta,Salads,Desserts",Y,1.0,1.0,2018-08-26 21:47:55,2020-03-31 22:16:15,3,1,41
118676.0,0.6346538461538463,0.5272545454546894,Restaurants,2.0,0.0,15.0,1.0,11:59AM-2:15 am,-,15,0.0,Yes,0.0,1.0,1,11,EN,4.7,11:00:00,23:45:00,,,11:00:00,23:45:00,,,11:00:00,23:45:00,,,11:00:00,23:45:00,,,11:00:00,23:45:00,,,17:00:00,23:45:00,,,11:00:00,23:45:00,,,"{""primary_tags"":""323""}",1.0,"5,8,91,27,16","Burgers,Desserts,Free Delivery,Pasta,Sandwiches",Y,1.0,1.0,2018-08-26 22:36:05,2020-04-07 17:46:42,3,1,64
118678.0,-0.7119615384615503,0.0633681818179358,Restaurants,2.0,0.0,15.0,1.0,08:00AM-12:30PM,05:00PM-11:30PM,15,0.0,Yes,0.0,1.0,1,11,EN,3.8,00:01:00,00:59:00,08:00:00,23:59:00,00:01:00,00:59:00,08:00:00,23:59:00,00:01:00,00:59:00,08:00:00,23:59:00,00:01:00,00:59:00,08:00:00,23:59:00,00:01:00,00:59:00,08:00:00,23:59:00,00:01:00,00:59:00,08:00:00,23:59:00,00:00:00,00:59:00,08:00:00,23:59:00,,1.0,"2,4,8,53,13,24,16","Arabic,Breakfast,Desserts,Mandazi,Omani,Salads,Sandwiches",Y,1.0,1.0,2018-09-01 20:31:13,2020-04-04 13:38:28,3,1,15
118679.0,-0.4171923076923128,0.6458500000000037,Restaurants,2.0,0.7,8.0,1.0,08:00AM-11:59PM,-,11,0.0,Yes,0.0,1.0,1,11,EN,4.4,00:01:00,01:30:00,10:00:00,23:59:00,00:01:00,01:30:00,10:00:00,23:59:00,00:01:00,01:30:00,10:00:00,23:59:00,00:01:00,01:30:00,10:00:00,23:59:00,00:01:00,01:30:00,10:00:00,23:59:00,00:01:00,01:30:00,10:00:00,23:59:00,00:01:00,01:30:00,10:00:00,23:59:00,"{""primary_tags"":""134""}",1.0,"4,8,12,50,15,24,16","Breakfast,Desserts,Lebanese,Manakeesh,Pizzas,Salads,Sandwiches",Y,1.0,1.0,2018-09-03 19:30:50,2020-04-07 16:38:17,3,1,33
118680.0,-0.927944230769241,0.1458995454543045,Restaurants,2.0,0.7,15.0,1.0,11:00AM-11:00PM,-,15,0.0,Yes,0.0,1.0,1,11,EN,4.2,11:00:00,23:45:00,,,11:00:00,23:45:00,,,11:00:00,23:45:00,,,11:00:00,23:45:00,,,11:00:00,23:45:00,,,11:00:00,23:45:00,,,11:00:00,23:45:00,,,,1.0,"4,8,24,2","Breakfast,Desserts,Salads,Arabic",Y,1.0,1.0,2018-09-13 20:40:13,2020-04-01 22:07:46,3,1,68
118681.0,-1.004923076923082,0.0787363636363481,Restaurants,2.0,0.0,15.0,1.0,10:00AM-11:45PM,-,14,0.0,Yes,0.0,1.0,1,11,EN,4.3,11:00:00,23:45:00,,,11:00:00,23:45:00,,,11:00:00,23:45:00,,,11:00:00,23:45:00,,,11:00:00,23:30:00,,,16:00:00,23:00:00,,,11:00:00,23:59:00,00:01:00,00:59:00,"{""primary_tags"":""90""}",1.0,"5,30,48,23","Burgers,Fries,Kids meal,Shawarma",Y,1.0,1.0,2018-09-16 19:37:12,2020-04-07 21:08:27,3,1,44
118682.0,-0.6001730769230909,0.7558613636363735,Sweets & Bakes,3.0,0.0,5.0,1.0,11:59AM-11:30PM,-,15,0.0,Yes,50.0,1.0,1,11,EN,4.6,11:59:00,23:45:00,,,11:59:00,23:45:00,,,11:59:00,23:45:00,,,11:59:00,23:45:00,,,11:59:00,23:45:00,,,14:00:00,23:45:00,,,11:59:00,23:45:00,,,,1.0,"8,13","Desserts,Omani",Y,1.0,1.0,2018-09-16 20:01:04,2020-04-07 10:47:46,3,1,88
118683.0,-0.4981346153846108,0.0580172727272977,Sweets & Bakes,3.0,0.0,15.0,1.0,08:30AM-11:45PM,-,13,0.0,Yes,0.0,1.0,1,11,EN,4.5,08:30:00,23:45:00,,,08:30:00,23:45:00,,,08:30:00,23:45:00,,,08:30:00,23:45:00,,,08:30:00,23:45:00,,,16:00:00,23:45:00,,,08:30:00,23:45:00,,,"{""primary_tags"":""336""}",1.0,"41,51,8,57,38,43,32,62,25","Cakes,Crepes,Desserts,Donuts,Fresh Juices,Ice creams,Milkshakes,Pancakes,Waffles",Y,1.0,1.0,2018-09-20 19:39:21,2020-04-07 20:00:50,3,1,22
118687.0,-0.6010961538461602,0.0959977272724904,Restaurants,2.0,0.0,15.0,1.0,11:59AM-11:45PM,-,14,0.0,Yes,0.0,1.0,1,1,EN,4.4,00:01:00,00:45:00,11:59:00,23:59:00,00:01:00,00:45:00,11:59:00,23:59:00,00:01:00,00:45:00,11:59:00,23:59:00,00:01:00,00:45:00,11:59:00,23:59:00,00:01:00,00:45:00,11:59:00,23:59:00,00:01:00,00:45:00,12:59:00,23:59:00,00:01:00,00:45:00,11:59:00,23:59:00,"{""primary_tags"":""90""}",1.0,"1,5,8,52,27","American,Burgers,Desserts,Mojitos ,Pasta",Y,1.0,1.0,2018-10-04 19:41:36,2020-04-05 15:46:35,3,1,97
118689.0,-0.4921884615384525,0.7441604545452798,Restaurants,2.0,0.7,6.0,1.0,11:00AM-10:45PM,-,14,0.0,Yes,0.0,1.0,1,11,EN,4.6,13:00:00,22:00:00,,,13:00:00,22:00:00,,,13:00:00,22:00:00,,,13:00:00,22:00:00,,,13:00:00,23:00:00,,,13:00:00,23:00:00,,,13:00:00,22:00:00,,,"{""primary_tags"":""31""}",1.0,"3,38,48","Asian,Fresh Juices,Kids meal",Y,1.0,1.0,2018-10-07 17:26:18,2020-04-07 15:05:22,3,1,25
118701.0,-0.0324423076923163,0.6556363636363828,Restaurants,2.0,0.0,2.0,1.0,10:59AM-11:30PM,-,10,0.0,Yes,0.0,1.0,1,11,EN,4.5,00:01:00,00:30:00,11:00:00,23:59:00,00:01:00,00:30:00,11:00:00,23:59:00,00:01:00,00:30:00,11:00:00,23:59:00,00:01:00,00:30:00,11:00:00,23:59:00,00:01:00,00:30:00,11:00:00,23:59:00,00:01:00,00:30:00,13:00:00,23:59:00,00:01:00,00:30:00,11:00:00,23:59:00,"{""primary_tags"":""134""}",1.0,"1,5,91,29,27","American,Burgers,Free Delivery,Hot Dogs,Pasta",Y,1.0,1.0,2018-10-18 21:01:20,2020-04-03 22:28:50,3,1,55
118702.0,-0.9677692307692346,0.0808386363635615,Restaurants,2.0,0.0,15.0,1.0,10:59AM-11:30PM,-,12,0.0,Yes,0.0,1.0,1,11,EN,4.5,00:01:00,00:30:00,11:00:00,23:59:00,00:01:00,00:30:00,11:00:00,23:59:00,00:01:00,00:30:00,11:00:00,23:59:00,00:01:00,00:30:00,11:00:00,23:59:00,00:01:00,00:30:00,11:00:00,23:59:00,00:01:00,00:30:00,13:00:00,23:59:00,00:01:00,00:30:00,11:00:00,23:59:00,"{""primary_tags"":""134""}",1.0,"1,5,91,29,27","American,Burgers,Free Delivery,Hot Dogs,Pasta",Y,1.0,1.0,2018-10-19 12:38:55,2020-04-07 23:41:41,3,1,9
118703.0,0.6186153846153633,0.5271931818182224,Restaurants,2.0,0.0,15.0,1.0,10:59AM-11:30PM,-,10,0.0,Yes,0.0,1.0,1,11,EN,4.5,00:01:00,00:15:00,11:00:00,23:59:00,00:01:00,00:15:00,11:00:00,23:59:00,00:01:00,00:15:00,11:00:00,23:59:00,00:01:00,00:15:00,11:00:00,23:59:00,00:01:00,00:15:00,11:00:00,23:59:00,00:01:00,00:15:00,13:00:00,23:59:00,00:01:00,00:15:00,11:00:00,23:59:00,"{""primary_tags"":""32""}",1.0,"1,5,91,29,27","American,Burgers,Free Delivery,Hot Dogs,Pasta",Y,1.0,1.0,2018-10-19 13:35:56,2020-04-06 14:01:21,3,1,19
118707.0,0.0167923076922569,0.5479409090910177,Restaurants,2.0,0.7,15.0,1.0,11:15AM-10:00PM,-,18,0.0,Yes,35.0,1.0,1,11,EN,4.6,00:00:00,01:30:00,08:00:00,23:59:00,00:00:00,01:30:00,08:00:00,23:59:00,00:00:00,01:30:00,08:00:00,23:59:00,00:00:00,01:30:00,08:00:00,23:59:00,00:00:00,01:30:00,08:00:00,23:59:00,00:00:00,01:30:00,08:00:00,23:59:00,00:00:00,01:30:00,08:00:00,23:59:00,"{""primary_tags"":""46""}",1.0,"3,58,22,11,33,28","Asian,Dimsum,Grills,Japanese,Rice,Soups",Y,1.0,1.0,2018-10-21 22:21:40,2020-04-07 19:29:21,3,1,3
118710.0,0.6301346153846158,0.5270522727271684,Restaurants,2.0,0.0,15.0,1.0,10:59AM-10:59PM,-,10,0.0,Yes,0.0,1.0,1,11,EN,4.7,11:00:00,23:00:00,,,11:00:00,23:00:00,,,11:00:00,23:00:00,,,11:00:00,23:00:00,,,11:00:00,23:00:00,,,12:59:00,23:00:00,,,11:59:00,23:00:00,,,"{""primary_tags"":""462""}",1.0,"2,8,91,10","Arabic,Desserts,Free Delivery,Indian",Y,1.0,1.0,2018-10-24 18:11:35,2020-04-07 23:51:01,3,1,56
118712.0,0.5788653846154262,0.528270454545456,Sweets & Bakes,2.0,0.0,15.0,1.0,09:59AM-11:45PM,-,13,0.0,Yes,0.0,1.0,1,11,EN,4.8,10:00:00,23:45:00,,,10:00:00,23:45:00,,,10:00:00,23:45:00,,,10:00:00,23:45:00,,,10:00:00,23:45:00,,,15:00:00,23:45:00,,,10:00:00,23:45:00,,,"{""primary_tags"":""138""}",1.0,"8,91,9,56","Desserts,Free Delivery,Healthy Food,Sweets",Y,1.0,1.0,2018-10-28 13:34:59,2020-04-06 13:44:19,3,1,75
118731.0,-0.056273076923028,0.6322886363636278,Restaurants,2.0,0.0,15.0,0.0,8:00AM-09:45PM,-,16,0.0,Yes,0.0,0.0,0,11,EN,4.5,10:00:00,21:45:00,,,10:00:00,21:45:00,,,10:00:00,21:45:00,,,10:00:00,21:45:00,,,10:00:00,21:45:00,,,10:00:00,21:45:00,,,10:00:00,21:45:00,,,"{""primary_tags"":""534""}",1.0,"5,9,32,16,35","Burgers,Healthy Food,Milkshakes,Sandwiches,Steaks",Y,1.0,1.0,2018-11-27 15:33:42,2020-04-03 23:02:50,3,1,28
118742.0,-0.6058922840442468,0.0729530596036363,Restaurants,2.0,0.0,15.0,0.0,04:00PM-11:45PM,-,10,0.0,Yes,0.0,0.0,0,11,EN,3.2,00:01:00,00:59:00,11:30:00,23:59:00,00:01:00,00:59:00,11:30:00,23:59:00,00:01:00,00:59:00,11:30:00,23:59:00,00:01:00,00:59:00,11:30:00,23:59:00,00:01:00,00:59:00,11:30:00,23:59:00,00:01:00,00:59:00,16:00:00,23:59:00,00:01:00,00:59:00,11:30:00,23:59:00,,1.0,"2,15,16","Arabic,Pizzas,Sandwiches",Y,1.0,1.0,2018-12-12 15:39:55,2020-04-05 11:46:38,3,1,78
118745.0,-0.4828653846153978,0.0759886363636465,Restaurants,2.0,0.7,15.0,1.0,08:00AM-11:45PM,-,16,0.0,Yes,15.0,1.0,1,11,EN,4.1,00:00:00,00:30:00,12:30:00,23:59:00,00:01:00,00:30:00,12:30:00,23:59:00,00:01:00,00:30:00,12:30:00,23:59:00,00:01:00,00:30:00,12:30:00,23:59:00,00:01:00,00:30:00,12:30:00,23:59:00,00:00:00,00:30:00,12:30:00,23:59:00,00:01:00,00:30:00,12:30:00,23:59:00,"{""primary_tags"":""134""}",1.0,"4,5,22,89,16,23","Breakfast,Burgers,Grills,Pizza,Sandwiches,Shawarma",Y,1.0,1.0,2018-12-30 20:20:31,2020-04-07 00:36:36,3,1,96
118746.0,-0.0276538461538516,0.5273459090909257,Restaurants,2.0,0.7,15.0,0.0,11:15AM-10:30PM,-,15,0.0,Yes,0.0,0.0,0,11,EN,4.2,11:15:00,22:30:00,,,11:15:00,22:30:00,,,11:15:00,22:30:00,,,11:15:00,22:30:00,,,11:15:00,22:30:00,,,13:00:00,22:30:00,,,11:15:00,22:30:00,,,,1.0,2,Arabic,Y,1.0,1.0,2019-01-06 20:42:17,2020-04-05 21:38:58,3,1,32
118752.0,-0.8720192307692582,0.0994340909090921,Restaurants,2.0,0.7,15.0,1.0,11:00AM-11:45PM,-,15,0.0,Yes,0.0,1.0,1,11,EN,4.5,00:01:00,00:15:00,11:00:00,23:59:00,00:01:00,00:15:00,11:00:00,23:59:00,00:01:00,00:15:00,11:00:00,23:59:00,00:01:00,00:15:00,11:00:00,23:59:00,00:01:00,00:15:00,11:00:00,23:59:00,00:01:00,00:15:00,12:59:00,23:59:00,11:00:00,23:59:00,00:01:00,00:59:00,,1.0,"1,5,47,24,16","American,Burgers,Mishkak,Salads,Sandwiches",Y,1.0,1.0,2019-01-17 11:43:15,2020-04-02 12:02:15,3,1,23
118755.0,0.0558846153846044,0.5339954545452126,Restaurants,2.0,0.7,15.0,1.0,10:59AM-3:30PM,06:30PM-11:00PM,15,0.0,Yes,0.0,1.0,1,11,EN,4.3,11:00:00,15:30:00,18:30:00,23:00:00,11:00:00,15:30:00,18:30:00,23:00:00,11:00:00,15:30:00,18:30:00,23:00:00,11:00:00,15:30:00,18:30:00,23:00:00,11:00:00,15:30:00,18:30:00,23:00:00,12:59:00,15:30:00,18:30:00,23:00:00,11:00:00,15:30:00,18:30:00,23:00:00,"{""primary_tags"":""297""}",1.0,"31,8,10,33,67,21","Biryani,Desserts,Indian,Rice,Thali,Vegetarian",Y,1.0,1.0,2019-01-19 14:01:55,2020-04-07 20:03:26,3,1,8
118757.0,-0.5998653846153555,0.7562443181818139,Restaurants,2.0,0.0,6.0,1.0,11.30am-11:30PM,-,13,0.0,Yes,0.0,1.0,1,11,EN,4.5,11:45:00,23:45:00,,,11:45:00,23:45:00,,,11:45:00,23:45:00,,,11:45:00,23:45:00,,,11:45:00,23:45:00,,,13:00:00,23:45:00,,,12:05:00,23:45:00,,,"{""primary_tags"":""35""}",1.0,"1,5,16","American,Burgers,Sandwiches",Y,1.0,1.0,2019-01-23 15:21:36,2020-04-07 15:05:47,3,1,83
118758.0,-0.9339807692308154,0.0813647727272905,Restaurants,2.0,0.7,15.0,1.0,10:00AM-11:45PM,-,14,0.0,Yes,0.0,1.0,1,11,EN,4.3,10:00:00,23:45:00,,,10:00:00,23:45:00,,,10:00:00,23:45:00,,,10:00:00,23:45:00,,,10:00:00,23:45:00,,,12:59:00,23:45:00,,,11:59:00,23:45:00,,,"{""primary_tags"":""24""}",1.0,"1,5,48,16","American,Burgers,Kids meal,Sandwiches",Y,1.0,1.0,2019-01-28 20:37:49,2020-04-03 22:36:25,3,1,85
118759.0,-0.8842424245981165,-0.127519087357959,Restaurants,2.0,0.7,10.0,0.0,11:00AM-11:59PM,12:00AM-01:00AM,17,0.0,Yes,0.0,0.0,0,11,EN,4.2,11:05:00,22:25:00,,,11:05:00,22:25:00,,,11:05:00,22:25:00,,,11:05:00,22:25:00,,,11:05:00,22:25:00,,,11:05:00,22:25:00,,,11:05:00,22:25:00,,,,1.0,"5,8,63,15","Burgers,Desserts,Pastry,Pizzas",Y,1.0,1.0,2019-01-30 18:26:39,2020-04-05 11:47:10,3,1,14
118774.0,-0.4401094895692907,0.6625680487740839,Restaurants,2.0,0.7,8.0,1.0,09:00AM-09:01AM,-,21,0.0,Yes,0.0,1.0,1,11,EN,4.3,13:00:00,22:00:00,,,13:00:00,22:00:00,,,13:00:00,22:00:00,,,13:00:00,22:00:00,,,13:00:00,22:00:00,,,13:00:00,22:00:00,,,13:00:00,22:00:00,,,"{""primary_tags"":""21""}",1.0,"4,8,22,32,24,16,28","Breakfast,Desserts,Grills,Milkshakes,Salads,Sandwiches,Soups",Y,1.0,1.0,2019-02-23 18:55:27,2020-04-07 20:45:16,3,1,35
118778.0,-1.0589461538461884,0.0515679545454458,Restaurants,2.0,0.7,15.0,0.0,11:00AM-11:00PM,-,15,0.0,Yes,0.0,0.0,0,11,EN,3.8,11:00:00,23:00:00,,,11:00:00,23:00:00,,,11:00:00,23:00:00,,,11:00:00,23:00:00,,,11:00:00,23:45:00,,,11:00:00,23:45:00,,,11:00:00,23:00:00,,,,1.0,"2,22,10,27,24,17,28,56","Arabic,Grills,Indian,Pasta,Salads,Seafood,Soups,Sweets",Y,1.0,1.0,2019-02-25 15:30:39,2020-04-05 11:47:36,3,1,21
118786.0,-0.4056604120789125,0.644401369039313,Restaurants,2.0,0.7,8.0,1.0,11:59AM-10:45PM,-,14,0.0,Yes,0.0,1.0,1,11,EN,4.6,11:59:00,22:45:00,,,11:59:00,22:45:00,,,11:59:00,22:45:00,,,11:59:00,22:45:00,,,11:59:00,23:15:00,,,11:59:00,23:15:00,,,11:59:00,22:45:00,,,"{""primary_tags"":""695""}",1.0,"34,27,15,24,16","Italian,Pasta,Pizzas,Salads,Sandwiches",Y,1.0,1.0,2019-03-03 21:04:26,2020-04-03 16:56:31,3,1,31
118787.0,-0.8568561198788782,0.087738003241582,Restaurants,2.0,0.7,15.0,1.0,7:58AM-11:45PM,-,10,0.0,Yes,0.0,1.0,1,11,EN,4.3,00:01:00,01:15:00,08:00:00,23:59:00,00:01:00,01:15:00,08:00:00,23:59:00,00:01:00,01:15:00,08:00:00,23:59:00,00:01:00,01:15:00,08:00:00,23:59:00,00:01:00,01:15:00,08:00:00,23:59:00,00:01:00,01:15:00,16:00:00,23:59:00,00:01:00,01:15:00,08:00:00,23:59:00,"{""primary_tags"":""701""}",1.0,"16,23,38,52,32","Sandwiches,Shawarma,Fresh Juices,Mojitos,Milkshakes",Y,1.0,1.0,2019-03-04 12:31:26,2020-04-07 13:13:35,3,1,84
118789.0,-0.0600477365346404,0.6526298522949375,Restaurants,2.0,0.7,8.0,1.0,09:00 AM-11:45 PM,-,11,0.0,Yes,0.0,1.0,1,11,EN,4.5,00:01:00,00:45:00,08:00:00,23:59:00,00:01:00,00:45:00,08:00:00,23:59:00,00:01:00,00:45:00,08:00:00,23:59:00,00:01:00,00:45:00,08:00:00,23:59:00,00:01:00,00:45:00,08:00:00,23:59:00,00:01:00,00:45:00,16:00:00,23:59:00,00:01:00,00:45:00,08:00:00,23:59:00,"{""primary_tags"":""701""}",1.0,"38,32,52,16,23","Fresh Juices,Milkshakes,Mojitos ,Sandwiches,Shawarma",Y,1.0,1.0,2019-03-05 20:06:04,2020-04-06 15:38:01,3,1,20
118790.0,1.7031192316153734,0.7599580436756791,Restaurants,2.0,0.7,10.0,1.0,09:00 AM-11:45 PM,-,11,0.0,Yes,0.0,1.0,1,11,EN,4.3,00:01:00,00:45:00,09:15:00,23:59:00,00:01:00,00:45:00,09:15:00,23:59:00,00:01:00,00:45:00,09:15:00,23:59:00,00:01:00,00:45:00,09:15:00,23:59:00,00:01:00,00:45:00,09:15:00,23:59:00,00:01:00,00:45:00,16:00:00,23:59:00,00:01:00,00:45:00,09:15:00,23:59:00,"{""primary_tags"":""701""}",1.0,"38,32,52,16,23","Fresh Juices,Milkshakes,Mojitos ,Sandwiches,Shawarma",Y,1.0,1.0,2019-03-07 15:06:28,2020-04-02 19:35:29,3,1,94
118791.0,-0.8259038461538837,-0.0664272727272807,Restaurants,2.0,0.7,10.0,0.0,11:00AM-11:01PM,-,18,0.0,Yes,0.0,0.0,0,11,EN,4.3,13:30:00,23:45:00,,,13:30:00,23:45:00,,,13:30:00,23:45:00,,,13:30:00,23:45:00,,,13:30:00,23:45:00,,,16:00:00,23:45:00,,,13:30:00,23:45:00,,,,1.0,"2,5,16,23,22,15,8","Arabic,Burgers,Sandwiches,Shawarma,Grills,Pizzas,Desserts",Y,1.0,1.0,2019-03-09 19:22:33,2020-04-02 12:35:56,3,1,74
118793.0,-0.7044673076923292,0.0569547727272672,Restaurants,2.0,0.7,15.0,1.0,05:30PM-11:59PM,00:01AM-02:30AM,15,0.0,Yes,0.0,1.0,1,11,EN,4.2,00:01:00,00:59:00,18:00:00,23:59:00,00:01:00,00:59:00,18:00:00,23:59:00,00:01:00,00:59:00,18:00:00,23:59:00,00:01:00,00:59:00,18:00:00,23:59:00,00:01:00,00:59:00,18:00:00,23:59:00,00:01:00,00:59:00,18:00:00,23:59:00,00:01:00,00:59:00,18:00:00,23:59:00,,1.0,"5,30,22,47,52,16,56","Burgers,Fries,Grills,Mishkak,Mojitos ,Sandwiches,Sweets",Y,1.0,1.0,2019-03-10 13:05:09,2020-04-03 14:43:26,3,1,54
118794.0,-1.7874134615384565,0.006934090908847,Sweets & Bakes,3.0,0.7,10.0,0.0,06:00PM-11:59PM,00:01AM-02:30AM,17,0.0,Yes,0.0,0.0,1,11,EN,4.4,00:01:00,00:59:00,15:00:00,23:59:00,00:01:00,00:59:00,15:00:00,23:59:00,00:01:00,00:59:00,15:00:00,23:59:00,00:01:00,00:59:00,15:00:00,23:59:00,00:01:00,00:59:00,15:00:00,23:59:00,00:01:00,00:59:00,15:00:00,23:59:00,00:01:00,00:59:00,15:00:00,23:59:00,,1.0,,,Y,1.0,1.0,2019-03-10 13:08:54,2020-04-02 12:35:56,3,1,4
118795.0,-0.6313000000000233,0.180567499999996,Restaurants,2.0,0.0,15.0,1.0,11:59AM-10:45PM ,-,17,0.0,Yes,0.0,1.0,1,1,EN,4.4,11:30:00,23:30:00,,,11:30:00,23:30:00,,,11:30:00,23:30:00,,,11:30:00,23:30:00,,,11:30:00,23:30:00,,,11:30:00,23:30:00,,,11:30:00,23:30:00,,,"{""primary_tags"":""270""}",1.0,"91,42,24","Free Delivery,Mexican,Salads",Y,1.0,1.0,2019-03-10 13:54:59,2020-04-07 22:14:48,3,1,34
118798.0,2.3377538461538085,0.6995749999999297,Sweets & Bakes,3.0,0.0,15.0,1.0,08:30AM-11:45PM,-,15,0.0,Yes,0.0,1.0,1,11,EN,4.5,08:30:00,23:45:00,,,08:30:00,23:45:00,,,08:30:00,23:45:00,,,08:30:00,23:45:00,,,08:30:00,23:45:00,,,16:00:00,23:45:00,,,08:30:00,23:45:00,,,,1.0,"41,51,8,57,38,43,32,52,62,25","Cakes,Crepes,Desserts,Donuts,Fresh Juices,Ice creams,Milkshakes,Mojitos ,Pancakes,Waffles",Y,1.0,1.0,2019-03-11 13:58:49,2020-04-03 15:40:27,3,1,93
118800.0,0.0156230769230266,0.5316281818181806,Restaurants,2.0,0.7,15.0,1.0,11:00AM-3:50pm,6:10pm-12:00am,12,0.0,Yes,0.0,1.0,1,11,EN,4.0,11:00:00,15:45:00,18:30:00,23:45:00,11:00:00,15:45:00,18:30:00,23:45:00,11:00:00,15:45:00,18:30:00,23:45:00,11:00:00,15:45:00,18:30:00,23:45:00,11:00:00,15:45:00,18:30:00,23:45:00,13:00:00,15:45:00,18:30:00,23:45:00,11:00:00,15:45:00,18:30:00,23:45:00,,1.0,"31,8,10,28","Biryani,Desserts,Indian,Soups",Y,1.0,1.0,2019-03-14 15:43:38,2020-04-02 18:27:23,3,1,66
118802.0,0.0262057692307276,0.5525875000000042,Restaurants,2.0,0.7,15.0,0.0,11:00AM-11:01PM,-,16,0.0,Yes,0.0,0.0,0,11,EN,4.0,10:00:00,22:30:00,,,10:00:00,22:30:00,,,10:00:00,22:30:00,,,10:00:00,22:30:00,,,10:00:00,22:30:00,,,10:30:00,23:30:00,,,10:30:00,23:15:00,,,"{""primary_tags"":""52""}",1.0,"1,16,29,30","American,Sandwiches,Hot Dogs,Fries",Y,1.0,1.0,2019-03-16 19:11:51,2020-04-05 17:48:57,3,1,37
118806.0,-0.9369615384615744,0.080825909091073,Restaurants,2.0,0.7,15.0,1.0,11:00AM-04:00PM,06:00PM-11:45PM,15,0.0,Yes,0.0,1.0,1,11,EN,4.1,00:01:00,00:30:00,11:00:00,23:59:00,00:01:00,00:30:00,11:00:00,23:59:00,00:01:00,00:30:00,11:00:00,23:59:00,00:01:00,00:30:00,11:00:00,23:59:00,00:01:00,00:30:00,11:00:00,23:59:00,00:01:00,00:30:00,12:30:00,23:59:00,00:01:00,00:30:00,11:00:00,23:59:00,,1.0,"2,31,7,22,10,33,24,28,19","Arabic,Biryani,Chinese,Grills,Indian,Rice,Salads,Soups,Thai",Y,1.0,1.0,2019-03-26 23:11:58,2020-04-06 14:56:36,3,1,72
118815.0,-0.5875980769230975,0.7541936363633901,Restaurants,2.0,0.7,6.0,1.0,09:00AM-08:00pm ,-,15,0.0,Yes,0.0,1.0,1,11,EN,4.7,08:00:00,23:00:00,,,08:00:00,23:00:00,,,08:00:00,23:00:00,,,08:00:00,23:00:00,,,08:00:00,23:00:00,,,08:00:00,23:59:00,,,08:00:00,23:00:00,,,"{""primary_tags"":""815""}",1.0,"60,73","Coffee,Organic",Y,1.0,1.0,2019-04-09 12:50:49,2020-04-07 15:06:06,3,1,95
118820.0,0.0258211538481081,0.5515938636361248,Sweets & Bakes,3.0,0.7,15.0,0.0,09:00AM-11:00PM,-,10,0.0,Yes,0.0,0.0,0,11,EN,4.2,09:00:00,23:00:00,,,09:00:00,23:00:00,,,09:00:00,23:00:00,,,09:00:00,23:00:00,,,09:00:00,23:00:00,,,09:00:00,23:00:00,,,09:00:00,23:00:00,,,"{""primary_tags"":""849""}",1.0,"38,9,36","Fresh Juices,Healthy Food,Smoothies",Y,1.0,1.0,2019-04-13 19:09:58,2020-04-03 21:45:01,3,1,46
118824.0,-0.815323318553912,0.0914912908724802,Restaurants,2.0,0.0,15.0,1.0,06:15AM-11:45PM,-,10,0.0,Yes,0.0,1.0,1,11,EN,4.2,08:00:00,19:00:00,,,08:00:00,19:00:00,,,08:00:00,19:00:00,,,08:00:00,19:00:00,,,08:00:00,19:00:00,,,08:00:00,11:00:00,16:00:00,19:00:00,08:00:00,19:00:00,,,"{""primary_tags"":""346""}",1.0,"4,91,38,30,79,52,45","Breakfast,Free Delivery,Fresh Juices,Fries,Karak,Mojitos ,Rolls",Y,1.0,1.0,2019-04-18 17:44:48,2020-04-07 14:14:33,3,1,86
118830.0,205.24232692307848,44.21080681818204,Sweets & Bakes,3.0,0.7,10.0,1.0,9am-10pm,10pm-11pm,15,0.0,Yes,0.0,1.0,1,11,EN,4.3,,,,,09:00:00,21:00:00,,,,,,,10:00:00,16:01:00,17:00:00,23:01:00,,,,,,,,,,,,,,1.0,,,Y,1.0,1.0,2019-04-24 20:04:18,2020-03-20 09:45:15,1,1,52
118838.0,-0.9434192307692368,0.0817022727270359,Restaurants,2.0,0.7,15.0,0.0,08:30PM-11:59PM,00:01AM-02:30AM,15,0.0,Yes,0.0,0.0,0,11,EN,4.6,00:01:00,00:59:00,14:00:00,23:45:00,00:01:00,00:59:00,14:00:00,23:45:00,00:01:00,00:59:00,14:00:00,23:45:00,00:01:00,00:59:00,14:00:00,23:45:00,00:01:00,00:59:00,14:00:00,23:45:00,00:01:00,00:59:00,14:00:00,23:45:00,00:01:00,00:59:00,14:00:00,23:45:00,,1.0,"1,5,8,57,30,27,24,16","American,Burgers,Desserts,Donuts,Fries,Pasta,Salads,Sandwiches",Y,1.0,1.0,2019-04-30 16:15:30,2020-04-07 18:45:33,3,1,91
118844.0,2.2156923076923287,0.7140181818181905,Restaurants,2.0,0.7,15.0,0.0,01.00PM-02:.00AM,01.00PM-02.00AM,11,0.0,Yes,0.0,0.0,1,11,EN,4.4,14:00:00,23:45:00,,,14:00:00,23:45:00,,,14:00:00,23:45:00,,,14:00:00,23:45:00,,,14:00:00,23:45:00,,,14:00:00,23:45:00,,,14:00:00,23:45:00,,,,1.0,,,Y,1.0,1.0,2019-05-07 14:32:20,2020-02-28 20:43:35,3,1,50
118851.0,-0.5115842210827595,0.7583079432920903,Restaurants,2.0,0.7,5.0,1.0,09:00AM-11:45PM,-,15,0.0,Yes,0.0,1.0,1,11,EN,4.5,09:00:00,23:45:00,,,09:00:00,23:45:00,,,09:00:00,23:45:00,,,09:00:00,23:45:00,,,09:00:00,23:45:00,,,09:00:00,23:45:00,,,09:00:00,23:45:00,,,"{""primary_tags"":""47""}",1.0,"1,4,45,24,16","American,Breakfast,Rolls,Salads,Sandwiches",Y,1.0,1.0,2019-05-12 17:17:13,2020-04-05 18:12:28,3,1,26
118860.0,0.0258211538481081,0.5515938636360602,Restaurants,2.0,0.0,15.0,1.0,05:00PM-11:59PM ,-,15,0.0,Yes,0.0,1.0,1,11,EN,4.3,12:00:00,22:00:00,,,12:00:00,22:00:00,,,12:00:00,22:00:00,,,12:00:00,22:00:00,,,12:00:00,22:00:00,,,12:00:00,22:00:00,,,12:00:00,22:00:00,,,"{""primary_tags"":""134""}",1.0,"1,5,48,27,16,36,28,35","American,Burgers,Kids meal,Pasta,Sandwiches,Smoothies,Soups,Steaks",Y,1.0,1.0,2019-05-21 16:05:12,2020-04-07 21:56:19,3,1,71
118866.0,-0.8610730769230842,-0.0651465909093286,Sweets & Bakes,3.0,0.0,10.0,1.0,08:00AM-11:45PM,-,15,0.0,Yes,0.0,1.0,1,11,EN,4.3,00:01:00,01:30:00,08:00:00,23:59:00,00:01:00,01:30:00,08:00:00,23:59:00,00:01:00,01:30:00,08:00:00,23:59:00,00:01:00,01:30:00,08:00:00,23:59:00,00:01:00,01:30:00,08:00:00,23:59:00,00:01:00,01:30:00,08:00:00,23:59:00,00:01:00,01:30:00,08:00:00,23:59:00,"{""primary_tags"":""28""}",1.0,"8,91,38,9,43,32,52","Desserts,Free Delivery,Fresh Juices,Healthy Food,Ice creams,Milkshakes,Mojitos ",Y,1.0,1.0,2019-05-23 17:44:42,2020-04-07 01:50:54,3,1,73
118872.0,-0.3343403846134433,0.7263329545451348,Restaurants,2.0,0.7,5.0,1.0,05:00PM-11:45PM,-,11,0.0,Yes,0.0,1.0,1,11,EN,4.5,12:00:00,22:00:00,,,12:00:00,22:00:00,,,12:00:00,22:00:00,,,12:00:00,22:00:00,,,12:00:00,22:00:00,,,12:00:00,22:00:00,,,12:00:00,22:00:00,,,"{""primary_tags"":""134""}",1.0,"1,5,48,27,16,36,28,35","American,Burgers,Kids meal,Pasta,Sandwiches,Smoothies,Soups,Steaks",Y,1.0,1.0,2019-05-28 13:36:00,2020-04-03 22:18:52,3,1,27
118875.0,0.3053212199224581,0.559974383845152,Sweets & Bakes,3.0,0.7,15.0,0.0,11AM-11PM,-,45,0.0,Yes,0.0,0.0,0,11,EN,3.7,08:00:00,13:30:00,16:00:00,23:00:00,08:00:00,13:30:00,16:00:00,23:00:00,09:00:00,23:00:00,,,09:00:00,13:30:00,,,08:00:00,11:00:00,15:00:00,23:00:00,08:00:00,11:00:00,15:00:00,23:00:00,09:00:00,23:00:00,,,"{""primary_tags"":""180""}",1.0,"41,57","Cakes,Donuts",Y,1.0,1.0,2019-05-31 14:33:35,2020-04-06 19:57:22,3,1,59
118889.0,-0.5583846153845782,0.7407568181818039,Restaurants,2.0,0.0,6.0,1.0,11:15AM-03:00PM,05:15PM-09:30PM ,15,0.0,Yes,0.0,1.0,1,11,EN,4.6,11:00:00,15:00:00,17:00:00,21:45:00,11:00:00,15:00:00,17:00:00,21:45:00,11:00:00,15:00:00,17:00:00,21:45:00,11:00:00,15:00:00,17:00:00,21:45:00,11:00:00,15:00:00,17:00:00,21:45:00,11:00:00,21:45:00,,,11:00:00,21:45:00,,,"{""primary_tags"":""204""}",1.0,"3,8,33,24,28,19","Asian,Desserts,Rice,Salads,Soups,Thai",Y,1.0,1.0,2019-06-21 02:54:22,2020-04-07 15:11:39,3,1,76
118890.0,-1.0073846153846229,0.0792204545453472,Restaurants,2.0,0.7,15.0,1.0,11:30AM-11.59 PM,-,15,0.0,Yes,0.0,1.0,1,11,EN,4.5,00:01:00,01:30:00,11:00:00,23:59:00,00:01:00,01:30:00,11:00:00,23:59:00,00:01:00,01:30:00,11:00:00,23:59:00,00:01:00,01:30:00,11:00:00,23:59:00,00:01:00,01:30:00,13:00:00,23:59:00,00:01:00,01:30:00,13:00:00,23:59:00,00:01:00,01:30:00,11:00:00,23:59:00,"{""primary_tags"":""8""}",1.0,"1,5,30,52","American,Burgers,Fries,Mojitos ",Y,1.0,1.0,2019-06-24 11:33:29,2020-04-05 15:50:22,3,1,79
118896.0,-1.271978846153839,0.028831818181581,Restaurants,2.0,0.0,10.0,0.0,09:00AM-11:45PM,-,15,0.0,Yes,0.0,0.0,0,11,EN,4.4,11:00:00,23:00:00,,,10:59:00,23:00:00,,,10:59:00,23:00:00,,,11:00:00,23:00:00,,,10:59:00,23:30:00,,,10:59:00,23:30:00,,,10:59:00,23:00:00,,,"{""primary_tags"":""260""}",1.0,"5,8,91,22,42","Burgers,Desserts,Free Delivery,Grills,Mexican",Y,1.0,1.0,2019-06-27 12:13:18,2020-04-05 11:49:13,3,1,81
118897.0,-0.491307692307707,0.7447204545456068,Restaurants,2.0,0.7,5.0,1.0,08:00AM-11:45PM,-,15,0.0,Yes,0.0,1.0,1,11,EN,4.7,08:00:00,23:45:00,,,08:00:00,23:45:00,,,08:00:00,23:45:00,,,08:00:00,23:45:00,,,08:00:00,23:45:00,,,08:00:00,23:45:00,,,08:00:00,23:45:00,,,"{""primary_tags"":""1088""}",1.0,"60,38,61,16,36","Coffee,Fresh Juices,Hot Chocolate,Sandwiches,Smoothies",Y,1.0,1.0,2019-06-27 12:38:39,2020-04-03 18:15:31,3,1,6
118900.0,-0.4151923076923066,0.6435499999999971,Restaurants,2.0,0.0,8.0,1.0,10:00AM-11:00PM,-,17,0.0,Yes,0.0,1.0,1,11,EN,4.7,10:45:00,20:00:00,,,10:45:00,20:00:00,,,10:45:00,20:00:00,,,10:45:00,20:00:00,,,10:45:00,20:00:00,,,10:45:00,20:00:00,,,10:45:00,20:00:00,,,"{""primary_tags"":""478""}",1.0,"91,38,90,24,16","Free Delivery,Fresh Juices,Pastas,Salads,Sandwiches",Y,1.0,1.0,2019-06-28 14:24:15,2020-04-07 10:12:07,3,1,29
118901.0,-0.8188096153846912,0.1351238636363022,Restaurants,2.0,0.7,15.0,1.0,10:00AM-1:45PM,-,15,0.0,Yes,0.0,1.0,1,11,EN,4.2,10:00:00,23:45:00,,,10:00:00,23:45:00,,,10:00:00,23:45:00,,,10:00:00,23:45:00,,,10:00:00,23:45:00,,,16:30:00,23:45:00,,,10:00:00,23:45:00,,,"{""primary_tags"":""1065""}",1.0,"83,30,52,27,16","Combos,Fries,Mojitos ,Pasta,Sandwiches",Y,1.0,1.0,2019-06-29 13:12:01,2020-03-27 17:16:34,3,1,48
118902.0,-0.80705769230776,0.0913681818178771,Restaurants,2.0,0.7,15.0,1.0,08:00AM-11:00PM,-,15,0.0,Yes,0.0,1.0,1,11,EN,4.4,08:00:00,22:45:00,,,08:00:00,22:45:00,,,08:00:00,22:45:00,,,08:00:00,22:45:00,,,08:00:00,22:45:00,,,08:00:00,22:45:00,,,08:00:00,22:45:00,,,"{""primary_tags"":""1088""}",1.0,"60,38,61,16,36","Coffee,Fresh Juices,Hot Chocolate,Sandwiches,Smoothies",Y,1.0,1.0,2019-06-30 14:12:33,2020-04-03 10:52:38,3,1,51
118905.0,0.0057480769230212,0.482280909090949,Restaurants,2.0,0.7,15.0,1.0,08:00AM-3:30PM,-,15,0.0,Yes,0.0,1.0,1,11,EN,4.7,08:00:00,16:00:00,,,08:00:00,16:00:00,,,08:00:00,16:00:00,,,08:00:00,16:00:00,,,08:00:00,16:00:00,,,,,,,,,,,"{""primary_tags"":""1088""}",1.0,"60,38,61,16,36","Coffee,Fresh Juices,Hot Chocolate,Sandwiches,Smoothies",Y,1.0,1.0,2019-07-02 14:50:31,2020-03-31 13:23:57,3,1,16
118906.0,-1.2674634615365183,0.0283613636363615,Restaurants,2.0,0.7,10.0,1.0,10:00AM-11:15PM,-,15,0.0,Yes,0.0,1.0,1,11,EN,4.0,10:00:00,23:00:00,,,10:00:00,23:00:00,,,10:00:00,23:00:00,,,10:00:00,23:00:00,,,10:00:00,23:15:00,,,10:00:00,23:15:00,,,10:00:00,23:15:00,,,"{""primary_tags"":""32""}",1.0,"1,4,5,30,16","American,Breakfast,Burgers,Fries,Sandwiches",Y,1.0,1.0,2019-07-03 10:38:21,2020-04-02 12:35:56,3,1,82
118912.0,-0.0168288461538807,0.5145802272725669,Restaurants,2.0,0.7,15.0,1.0,09:00AM-07:00PM,-,13,0.0,Yes,0.0,1.0,1,11,EN,4.8,09:00:00,16:40:00,,,09:00:00,16:40:00,,,09:00:00,16:40:00,,,09:00:00,16:40:00,,,09:00:00,16:40:00,,,,,,,10:00:00,16:40:00,,,"{""primary_tags"":""1147""}",1.0,"26,8,24","Bagels,Desserts,Salads",Y,1.0,1.0,2019-07-08 13:19:46,2020-04-06 17:42:15,3,1,36
118958.0,-0.8450961538461755,0.0670131818182866,Restaurants,2.0,0.0,15.0,1.0,11:00AM-111:00PM,-,15,0.0,Yes,0.0,1.0,1,11,EN,4.2,11:00:00,23:00:00,,,11:00:00,23:00:00,,,11:00:00,23:00:00,,,11:00:00,23:00:00,,,08:00:00,23:00:00,,,13:00:00,23:00:00,,,11:00:00,23:00:00,,,"{""primary_tags"":""46""}",1.0,"1,48,27,15,24","American,Kids meal,Pasta,Pizzas,Salads",Y,1.0,1.0,2019-07-25 13:07:10,2020-04-07 21:53:47,3,1,89
118989.0,-1.002136538459656,0.0786093181818521,Sweets & Bakes,3.0,0.0,15.0,1.0,08:30AM-11:45PM,-,15,0.0,Yes,0.0,1.0,1,1,EN,4.5,08:00:00,23:45:00,,,08:00:00,23:45:00,,,08:00:00,23:45:00,,,08:00:00,23:45:00,,,08:30:00,23:45:00,,,16:00:00,23:45:00,,,08:00:00,23:45:00,,,"{""primary_tags"":""1348""}",1.0,80,Churros,Y,1.0,1.0,2019-08-07 15:36:33,2020-04-08 03:45:41,3,1,62
118994.0,-0.6247019230769071,0.7251199999997648,Restaurants,2.0,0.7,5.0,1.0,9:00AM-11:00PM,-,10,0.0,Yes,0.0,1.0,1,11,EN,4.2,09:00:00,23:45:00,,,09:00:00,23:45:00,,,09:00:00,23:45:00,,,09:00:00,23:45:00,,,09:00:00,23:45:00,,,14:00:00,23:59:00,,,09:00:00,23:45:00,,,,1.0,"1,4,5,8,34,24,16,28,35","American,Breakfast,Burgers,Desserts,Italian,Salads,Sandwiches,Soups,Steaks",Y,1.0,1.0,2019-08-08 14:16:34,2020-04-02 00:51:51,3,1,43
119001.0,-0.6251269230769545,0.0994390909090859,Restaurants,2.0,0.7,15.0,1.0,11:00AM-11:00PM,-,15,0.0,Yes,0.0,1.0,1,11,EN,4.2,11:00:00,23:00:00,,,11:00:00,23:00:00,,,11:00:00,23:00:00,,,11:00:00,23:00:00,,,11:00:00,23:00:00,,,11:00:00,23:00:00,,,11:00:00,23:00:00,,,,1.0,"13,2,77,27,33,28,12","Omani,Arabic,Shuwa,Pasta,Rice,Soups,Lebanese",Y,1.0,1.0,2019-08-19 19:04:11,2020-04-07 00:08:11,3,1,69
119004.0,0.0019038461538219,0.5471545454545724,Sweets & Bakes,3.0,0.7,15.0,1.0,10:00AM-11:15PM,-,13,0.0,Yes,0.0,1.0,1,11,EN,4.5,10:00:00,23:15:00,,,10:00:00,23:15:00,,,10:00:00,23:15:00,,,10:00:00,23:15:00,,,10:00:00,23:45:00,,,10:00:00,23:45:00,,,10:00:00,23:15:00,,,"{""primary_tags"":""1256""}",1.0,"64,36","Frozen yoghurt,Smoothies",Y,1.0,1.0,2019-08-20 15:10:28,2020-04-06 00:50:19,3,1,99
119022.0,-0.4764000000000215,0.0397399999997592,Restaurants,2.0,0.7,15.0,1.0,11:00AM-12:00PM,-,15,0.0,Yes,0.0,1.0,1,11,EN,4.2,11:00:00,23:45:00,,,11:00:00,23:45:00,,,11:00:00,23:45:00,,,11:00:00,23:45:00,,,11:00:00,23:45:00,,,13:30:00,23:45:00,,,11:00:00,23:45:00,,,,1.0,"2,71,16","Arabic,Kushari,Sandwiches",Y,1.0,1.0,2019-08-27 15:53:48,2020-04-07 18:40:46,3,1,12
119063.0,-0.9960634615385074,-0.0622829545455261,Restaurants,2.0,0.0,10.0,1.0,11:59AM-11:59PM,-,15,0.0,Yes,0.0,1.0,1,11,EN,4.2,11:59:00,23:59:00,,,11:59:00,23:59:00,,,11:59:00,23:59:00,,,11:59:00,23:59:00,,,11:59:00,23:59:00,,,00:01:00,00:45:00,16:30:00,23:59:00,00:01:00,00:45:00,14:30:00,23:59:00,"{""primary_tags"":""8""}",1.0,"5,91,32,52","Burgers,Free Delivery,Milkshakes,Mojitos ",Y,1.0,1.0,2019-09-10 19:04:26,2020-04-06 15:19:49,3,1,10
119141.0,-0.5237192307691679,0.0526545454545903,Restaurants,2.0,0.0,15.0,1.0,08:00AM-11:45-,-,20,0.0,Yes,0.0,1.0,1,11,EN,4.4,12:20:00,23:45:00,,,12:20:00,23:45:00,,,12:20:00,23:45:00,,,12:20:00,23:45:00,,,12:20:00,23:45:00,,,00:01:00,00:45:00,13:20:00,23:59:00,12:20:00,23:45:00,,,"{""primary_tags"":""8""}",1.0,"1,5,8,91,30,29,48","American,Burgers,Desserts,Free Delivery,Fries,Hot Dogs,Kids meal",Y,1.0,1.0,2019-10-15 00:42:12,2020-04-07 18:28:08,3,1,58
119151.0,0.0490192307691995,0.6053684090909168,Restaurants,2.0,0.7,10.0,1.0,09:00AM-11:59PM,-,10,0.0,Yes,0.0,1.0,1,11,EN,4.4,09:00:00,23:59:00,,,09:00:00,23:59:00,,,09:00:00,23:59:00,,,09:00:00,23:59:00,,,09:00:00,23:59:00,,,15:00:00,23:59:00,,,15:00:00,23:59:00,,,"{""primary_tags"":""28""}",1.0,"38,12,16,23","Fresh Juices,Lebanese,Sandwiches,Shawarma",Y,1.0,1.0,2019-10-21 15:38:18,2020-04-07 03:23:15,3,1,70
119180.0,2.0156153846153813,0.749220454545614,Restaurants,2.0,0.0,15.0,1.0,04:59PM-11:45PM,-,10,0.0,Yes,0.0,1.0,1,11,EN,4.6,17:00:00,23:45:00,,,17:00:00,23:45:00,,,17:00:00,23:45:00,,,17:00:00,23:45:00,,,17:00:00,23:45:00,,,17:00:00,23:45:00,,,17:00:00,23:45:00,,,"{""primary_tags"":""134""}",1.0,"5,8,91,27,16","Burgers,Desserts,Free Delivery,Pasta,Sandwiches",Y,1.0,1.0,2019-01-30 12:53:54,2020-04-07 23:22:42,3,1,11
119182.0,-0.6106923076923403,0.0720909090909417,Sweets & Bakes,3.0,0.0,15.0,1.0,10:00AM-11:45PM,-,15,0.0,Yes,0.0,1.0,1,11,EN,4.1,10:00:00,22:30:00,,,10:00:00,22:30:00,,,10:00:00,22:30:00,,,10:00:00,22:30:00,,,10:00:00,22:30:00,,,10:00:00,22:30:00,,,10:00:00,22:30:00,,,,1.0,"60,62,86,25","Coffee,Pancakes,Spanish Latte,Waffles",Y,1.0,1.0,2018-11-01 12:13:53,2020-04-04 01:06:01,3,1,17
119184.0,-0.7549000000000428,0.2197102272727858,Restaurants,2.0,0.7,8.0,1.0,11:00AM-11:00PM,-,5,0.0,Yes,0.0,1.0,1,11,EN,4.5,12:00:00,22:00:00,,,12:00:00,22:00:00,,,12:00:00,22:00:00,,,12:00:00,22:00:00,,,12:00:00,22:00:00,,,12:00:00,22:00:00,,,12:00:00,22:00:00,,,"{""primary_tags"":""15""}",1.0,"5,8,49,24","Burgers,Desserts,Family Meal,Salads",Y,1.0,1.0,2018-10-02 17:11:04,2020-04-04 19:29:43,3,1,5
119187.0,0.5535730769231084,0.5313611363638088,Restaurants,2.0,0.7,15.0,0.0,12:00PM-11:59PM,-,10,,Yes,0.0,0.0,0,11,,4.3,12:00:00,23:59:00,,,12:00:00,23:59:00,,,12:00:00,23:59:00,,,12:00:00,23:59:00,,,12:00:00,23:59:00,,,12:00:00,23:59:00,,,12:00:00,23:59:00,,,"{""primary_tags"":""134""}",1.0,"38,16,23","Fresh Juices,Sandwiches,Shawarma",Y,1.0,1.0,2019-10-21 13:10:10,2020-04-05 12:01:26,3,1,0
119200.0,-0.1858249999999742,0.4824509090909494,Restaurants,2.0,0.7,15.0,1.0,12:00PM-11:59PM,-,10,,Yes,0.0,1.0,1,11,,4.2,12:00:00,23:59:00,,,12:00:00,23:59:00,,,12:00:00,23:59:00,,,12:00:00,23:59:00,,,12:00:00,23:59:00,,,15:00:00,23:59:00,,,15:00:00,23:59:00,,,"{""primary_tags"":""134""}",1.0,"38,16,23","Fresh Juices,Sandwiches,Shawarma",Y,1.0,1.0,2019-10-21 14:36:50,2020-04-06 23:12:29,3,1,57
119276.0,-0.5912730769230697,0.0955986363636933,Restaurants,2.0,0.7,15.0,1.0,00:01AM-01:00AM,09:00AM-11:59PM,10,,Yes,0.0,1.0,1,11,,4.3,12:00:00,23:59:00,,,12:00:00,23:59:00,,,12:00:00,23:59:00,,,12:00:00,23:59:00,,,12:00:00,23:59:00,,,14:00:00,23:59:00,,,14:00:00,23:59:00,,,"{""primary_tags"":""134""}",1.0,"38,16,23","Fresh Juices,Sandwiches,Shawarma",Y,1.0,1.0,2019-10-22 07:29:36,2020-04-07 20:09:45,3,1,49
124101.0,-0.1161730769230728,0.5707072727273654,Restaurants,2.0,0.7,14.0,1.0,9-22,-,10,,Yes,0.0,1.0,1,11,,4.4,11:45:00,15:45:00,18:30:00,23:00:00,11:45:00,15:45:00,18:30:00,22:30:00,11:45:00,15:45:00,18:30:00,23:00:00,11:45:00,15:45:00,18:30:00,23:00:00,11:45:00,15:45:00,18:30:00,23:00:00,11:45:00,15:45:00,18:30:00,23:00:00,11:45:00,15:45:00,18:30:00,23:00:00,"{""primary_tags"":""2072""}",1.0,"31,8,10,44,33","Biryani,Desserts,Indian,Kebabs,Rice",Y,1.0,1.0,2019-11-17 08:39:42,2020-04-07 15:31:12,3,1,92
124147.0,0.6140942307692555,0.5274327272726442,Restaurants,2.0,0.7,15.0,1.0,08:00AM-11:00PM,-,10,,Yes,0.0,1.0,1,1,,4.5,11:00:00,15:30:00,18:30:00,22:30:00,11:00:00,15:30:00,18:30:00,23:00:00,11:00:00,15:30:00,18:30:00,23:00:00,11:00:00,15:30:00,18:30:00,23:00:00,11:00:00,15:30:00,18:30:00,23:00:00,11:45:00,15:30:00,18:30:00,23:00:00,11:00:00,15:30:00,18:30:00,23:00:00,"{""primary_tags"":""2072""}",1.0,"31,8,10,44,33","Biryani,Desserts,Indian,Kebabs,Rice",Y,1.0,1.0,2019-11-17 13:27:17,2020-04-07 21:46:01,3,1,47
124250.0,-0.5953249999999973,0.0956388636363093,Restaurants,2.0,0.7,15.0,1.0,9-22,-,10,,Yes,0.0,1.0,1,11,,4.4,11:30:00,15:30:00,18:30:00,23:00:00,11:30:00,15:30:00,18:30:00,23:00:00,11:30:00,15:30:00,18:30:00,23:00:00,11:30:00,15:30:00,18:30:00,23:00:00,11:30:00,15:30:00,18:30:00,23:00:00,11:30:00,15:30:00,18:30:00,23:00:00,11:30:00,15:30:00,18:30:00,22:30:00,"{""primary_tags"":""2072""}",1.0,"31,8,10,44,33","Biryani,Desserts,Indian,Kebabs,Rice",Y,1.0,1.0,2019-11-18 08:07:10,2020-04-07 17:40:41,3,1,40
130436.0,-0.4961384615384956,0.7402140909090968,Restaurants,2.0,0.0,6.0,1.0,,,10,,Yes,0.0,1.0,1,1,,4.0,00:00:00,01:30:00,08:00:00,23:59:00,00:00:00,01:30:00,08:00:00,23:59:00,00:00:00,01:30:00,08:00:00,23:59:00,00:00:00,01:30:00,08:00:00,23:59:00,00:00:00,01:30:00,08:00:00,23:59:00,00:00:00,01:30:00,08:00:00,23:59:00,00:00:00,01:30:00,08:00:00,23:59:00,"{""primary_tags"":""2396""}",1.0,"1,4,5,6,8,91,30,43,48,24","American,Breakfast,Burgers,Cafe,Desserts,Free Delivery,Fries,Ice creams,Kids meal,Salads",Y,1.0,1.0,2019-12-21 00:16:09,2020-04-07 15:09:12,3,1,98
130447.0,-1.269317307692352,0.082343181818184,Restaurants,2.0,0.0,5.0,1.0,,,10,,Yes,0.0,1.0,1,1,,4.3,00:00:00,01:30:00,08:15:00,23:59:00,00:00:00,01:30:00,08:15:00,23:59:00,00:00:00,01:30:00,08:15:00,23:59:00,00:00:00,01:30:00,08:15:00,23:59:00,00:00:00,01:30:00,08:15:00,23:59:00,00:00:00,01:30:00,08:15:00,23:59:00,00:00:00,01:30:00,08:15:00,23:59:00,"{""primary_tags"":""2396""}",1.0,"1,4,5,6,8,91,30,43,48,24","American,Breakfast,Burgers,Cafe,Desserts,Free Delivery,Fries,Ice creams,Kids meal,Salads",Y,1.0,1.0,2019-12-21 12:31:16,2020-04-07 19:01:17,3,1,7
130450.0,-0.1169038461538417,0.1815831818183232,Restaurants,2.0,0.0,5.0,1.0,,,10,,Yes,0.0,1.0,1,1,,4.0,00:00:00,01:30:00,08:15:00,23:59:00,00:00:00,01:30:00,08:15:00,23:59:00,00:00:00,01:30:00,08:15:00,23:59:00,00:00:00,01:30:00,08:15:00,23:59:00,00:00:00,01:30:00,08:15:00,23:59:00,00:00:00,01:30:00,08:15:00,23:59:00,00:00:00,01:30:00,08:15:00,23:59:00,"{""primary_tags"":""2396""}",1.0,"1,4,5,6,8,91,30,43,48,24","American,Breakfast,Burgers,Cafe,Desserts,Free Delivery,Fries,Ice creams,Kids meal,Salads",Y,1.0,1.0,2019-12-21 12:37:34,2020-04-08 03:43:30,3,1,38
130451.0,-0.44182307692315,0.0994793181817988,Restaurants,2.0,0.0,6.0,1.0,,,10,,Yes,0.0,1.0,1,11,,4.1,00:00:00,01:30:00,08:15:00,23:59:00,00:00:00,01:30:00,08:15:00,23:59:00,00:00:00,01:30:00,08:15:00,23:59:00,00:00:00,01:30:00,08:15:00,23:59:00,00:00:00,01:30:00,08:15:00,23:59:00,00:00:00,01:30:00,08:15:00,23:59:00,00:00:00,01:30:00,08:15:00,23:59:00,"{""primary_tags"":""2396""}",1.0,"1,4,5,6,8,91,30,43,48,24","American,Breakfast,Burgers,Cafe,Desserts,Free Delivery,Fries,Ice creams,Kids meal,Salads",Y,1.0,1.0,2019-12-21 12:40:36,2020-04-06 16:19:44,3,1,24
130455.0,-1.5880596153847006,-0.0664411363635964,Restaurants,2.0,0.0,10.0,1.0,,,10,,Yes,0.0,1.0,1,1,,4.1,00:00:00,01:30:00,08:15:00,23:59:00,00:00:00,01:30:00,08:15:00,23:59:00,00:00:00,01:30:00,08:15:00,23:59:00,00:00:00,01:30:00,08:15:00,23:59:00,00:00:00,01:30:00,08:15:00,23:59:00,00:00:00,01:30:00,08:15:00,23:59:00,00:00:00,01:30:00,08:15:00,23:59:00,"{""primary_tags"":""2396""}",1.0,"1,4,5,6,8,91,30,43,48,24","American,Breakfast,Burgers,Cafe,Desserts,Free Delivery,Fries,Ice creams,Kids meal,Salads",Y,1.0,1.0,2019-12-21 12:47:39,2020-04-07 20:01:33,3,1,13
130463.0,2.14520576923076,0.745025454545473,Restaurants,2.0,0.0,8.0,1.0,,,10,,Yes,0.0,1.0,1,1,,4.2,00:00:00,01:30:00,11:00:00,23:59:00,00:00:00,01:30:00,11:00:00,23:59:00,00:00:00,01:30:00,11:00:00,23:59:00,00:00:00,01:30:00,11:00:00,23:59:00,00:00:00,01:30:00,11:00:00,23:59:00,00:00:00,01:30:00,11:00:00,23:59:00,00:00:00,01:30:00,11:00:00,23:59:00,"{""primary_tags"":""2396""}",1.0,"1,5,8,91,30,48,24","American,Burgers,Desserts,Free Delivery,Fries,Kids meal,Salads",Y,1.0,1.0,2019-12-21 13:02:32,2020-04-07 01:50:41,3,1,60
130464.0,0.2514692307692175,0.4836324999999767,Restaurants,2.0,0.0,7.0,1.0,,,10,,Yes,0.0,1.0,1,11,,4.3,00:00:00,01:30:00,08:15:00,23:59:00,00:00:00,01:30:00,08:15:00,23:59:00,00:00:00,01:30:00,08:15:00,23:59:00,00:00:00,01:30:00,08:15:00,23:59:00,00:00:00,01:30:00,08:15:00,23:59:00,00:00:00,01:30:00,08:15:00,23:59:00,00:00:00,01:30:00,08:15:00,23:59:00,"{""primary_tags"":""2396""}",1.0,"1,4,5,6,8,91,30,43,48,24","American,Breakfast,Burgers,Cafe,Desserts,Free Delivery,Fries,Ice creams,Kids meal,Salads",Y,1.0,1.0,2019-12-21 13:04:34,2020-04-06 23:53:16,3,1,65
130468.0,0.0198173076922852,0.5870874999998449,Restaurants,2.0,0.0,3.0,1.0,,,10,,Yes,0.0,1.0,1,11,,4.2,00:00:00,01:30:00,08:15:00,23:59:00,00:00:00,01:30:00,08:15:00,23:59:00,00:00:00,01:30:00,08:15:00,23:59:00,00:00:00,01:30:00,08:15:00,23:59:00,00:00:00,01:30:00,08:15:00,23:59:00,00:00:00,01:30:00,08:15:00,23:59:00,00:00:00,01:30:00,08:15:00,23:59:00,"{""primary_tags"":""2396""}",1.0,"1,4,5,6,8,91,30,43,48,24","American,Breakfast,Burgers,Cafe,Desserts,Free Delivery,Fries,Ice creams,Kids meal,Salads",Y,1.0,1.0,2019-12-21 13:12:09,2020-04-07 14:26:08,3,1,80
132953.0,13.335130769230892,-1.4495563636363662,Restaurants,2.0,0.7,12.0,1.0,,,20,,Yes,0.0,1.0,1,11,,4.3,11:00:00,12:30:00,16:30:00,23:15:00,11:00:00,12:30:00,16:30:00,23:15:00,11:00:00,12:30:00,16:30:00,23:15:00,11:00:00,12:30:00,16:30:00,23:15:00,11:00:00,12:30:00,16:30:00,23:15:00,,,16:30:00,23:15:00,11:00:00,12:30:00,16:30:00,23:15:00,"{""primary_tags"":""24""}",1.0,"46,52,16","Fatayers,Mojitos ,Sandwiches",Y,1.0,1.0,2020-01-05 18:56:58,2020-04-06 23:49:52,3,1,87
